기관명,시설유형,소재지도로명주소,위도,경도,전화번호,팩스번호,설치일자,설치주체,데이터기준일자,노인복지관명,개관일자,위탁기관,시설현황,주요사업,홈페이지주소,관리기관명,관리부서명,버스_접근성(m),지하철_접근성(m),의료_접근성(m),중심성,최종점수,geometry,버스_접근성_점수,지하철_접근성_점수,의료_접근성_점수
미래효요양원,노인요양공동생활가정,"대구광역시 북구 칠곡중앙대로 254, 3층 (태전동)",35.91859926,128.5480185,053-314-0006,053-314-0090,2017-09-01,개인,2025-01-24,,,,,,,,,0.002470138126706571,0.0003135039616531982,0.004353591471369254,0.006993586658588569,0.9964672949454206,POINT (128.5480185 35.91859926),0.9975298618732934,0.9996864960383468,0.9956464085286307
미래효요양원2,노인요양공동생활가정,대구광역시 북구 칠곡중앙대로 254 (태전동),35.91859926,128.5480185,053-314-0006,053-314-0090,2017-09-01,개인,2025-01-24,,,,,,,,,0.002470138126706571,0.0003135039616531982,0.004353591471369254,0.006993586658588569,0.9964672949454206,POINT (128.5480185 35.91859926),0.9975298618732934,0.9996864960383468,0.9956464085286307
주식회사 예가복지센터,노인요양공동생활가정,대구광역시 북구 칠곡중앙대로 217 (태전동),35.91550733,128.5481079,053-321-5804,053-311-5810,2020-03-01,법인,2025-01-24,,,,,,,,,0.00029085549751136025,0.010465364938773212,0.0,0.007683927268703372,0.995389963073753,POINT (128.5481079 35.91550733),0.9997091445024886,0.9895346350612267,1.0
주식회사 예가노인복지센터,노인요양공동생활가정,"대구광역시 북구 칠곡중앙대로 217, 2층 (태전동)",35.91550733,128.5481079,053-311-1817,053-311-1819,2020-03-01,법인,2025-01-24,,,,,,,,,0.00029085549751136025,0.010465364938773212,0.0,0.007683927268703372,0.995389963073753,POINT (128.5481079 35.91550733),0.9997091445024886,0.9895346350612267,1.0
상록수재활복지센터1,노인요양공동생활가정,대구광역시 북구 동천로 125-16 (동천동),35.9432801,128.5591069,053-324-2522,053-264-0053,2012-07-01,개인,2025-01-24,,,,,,,,,0.005381869365485485,6.952163382677613e-05,3.4356091791770664e-06,0.01769375817964952,0.9942128538029648,POINT (128.5591069 35.9432801),0.9946181306345145,0.9999304783661732,0.9999965643908209
일심노인복지센터,노인요양시설,대구광역시 북구 대천로 49-8 (읍내동),35.93788385,128.5546688,053-313-5300,053-313-5301,2015-10-22,개인,2025-01-24,,,,,,,,,0.004948438570756445,0.0021519688448005878,0.005970060631523869,0.01143764367968586,0.9938729720683083,POINT (128.5546688 35.93788385),0.9950515614292436,0.9978480311551994,0.9940299393684762
원대주간보호센터2,노인요양공동생활가정,"대구광역시 북구 팔달로 191, 3층 (노원동2가, 원타워)",35.88862191,128.5710604,053-255-9988,053-354-9987,2019-09-01,법인,2025-01-24,,,,,,,,,0.005127233050815933,0.0059360197012224645,4.880235483746595e-06,0.014008644741028448,0.9937308055678623,POINT (128.5710604 35.88862191),0.994872766949184,0.9940639802987775,0.9999951197645163
행복요양원,노인요양시설,"대구광역시 북구 팔달로 191, 5층 (노원동2가)",35.88862191,128.5710604,053-355-7232,053-951-5901,2016-12-20,개인,2025-01-24,,,,,,,,,0.005127233050815933,0.0059360197012224645,4.880235483746595e-06,0.014008644741028448,0.9937308055678623,POINT (128.5710604 35.88862191),0.994872766949184,0.9940639802987775,0.9999951197645163
가람노인복지센터2,노인요양공동생활가정,"대구광역시 북구 팔거천동로 210, 7층 (동천동)",35.94269732,128.5584488,053-314-3351,053-327-2006,2019-05-01,개인,2025-01-24,,,,,,,,,0.009773896357394011,0.0015521994711279038,7.761726783123757e-06,0.016796562945427335,0.9929673948748169,POINT (128.5584488 35.94269732),0.990226103642606,0.998447800528872,0.9999922382732169
가람노인복지센터1,노인요양공동생활가정,"대구광역시 북구 팔거천동로 210, 7층 (동천동)",35.94269732,128.5584488,053-327-2005,053-327-2006,2019-05-01,개인,2025-01-24,,,,,,,,,0.009773896357394011,0.0015521994711279038,7.761726783123757e-06,0.016796562945427335,0.9929673948748169,POINT (128.5584488 35.94269732),0.990226103642606,0.998447800528872,0.9999922382732169
강북요양원,노인요양시설,"대구광역시 북구 팔거천동로 206, 4층,5층 (동천동)",35.94241808,128.5584136,053-313-0691,053-321-0690,2019-11-28,개인,2025-01-24,,,,,,,,,0.01097178756321285,0.0025181325582869516,5.3120187047325185e-06,0.016344032599119346,0.9925401838151691,POINT (128.5584136 35.94241808),0.9890282124367872,0.9974818674417131,0.9999946879812953
정향실버빌,노인요양시설,대구광역시 북구 학정로42길 40 (구암동),35.92679,128.55895,053-263-1800,053-263-1802,2024-05-01,개인,2025-01-24,,,,,,,,,0.006496242141246864,0.018107628457851292,0.004779540019974394,0.0004914247787371762,0.9925312911505476,POINT (128.55895 35.92679),0.9935037578587531,0.9818923715421487,0.9952204599800256
e-햇살복지센터,노인요양공동생활가정,대구광역시 북구 학정로42길 22-21 (구암동),35.92549339,128.557984,053-313-1136,053-313-1139,2012-09-13,개인,2025-01-24,,,,,,,,,0.008944930373766632,0.01882755966530881,0.004132174637371251,0.00031894193381676317,0.9919440983474341,POINT (128.557984 35.92549339),0.9910550696262334,0.9811724403346912,0.9958678253626287
스마일요양원,노인요양시설,"대구광역시 북구 칠곡중앙대로 450, 305호,405호 (읍내동)",35.93590701,128.549446,053-325-9988,053-325-9980,2019-10-01,개인,2025-01-24,,,,,,,,,0.0025636681631142177,0.017222888524199287,3.460425489417138e-06,0.012638782444801433,0.9918928001105989,POINT (128.549446 35.93590701),0.9974363318368857,0.9827771114758007,0.9999965395745106
대구탑노인전문요양원,노인요양시설,대구광역시 북구 칠곡중앙대로 447 (관음동),35.93558641,128.5486015,053-326-8899,053-323-9987,2020-03-01,개인,2025-01-24,,,,,,,,,0.0006870612480202733,0.018506917135852535,0.0005821872440415764,0.013062002570097986,0.9917904579504969,POINT (128.5486015 35.93558641),0.9993129387519797,0.9814930828641475,0.9994178127559584
뉴강북재활요양센터,노인요양공동생활가정,"대구광역시 북구 학정로 419, 601호 (동천동)",35.94210797,128.5630444,053-325-8889,053-313-3337,2021-07-30,개인,2025-01-24,,,,,,,,,0.008991022946321514,0.011342283178010115,8.970479920394461e-06,0.015298338807781864,0.9910898461469915,POINT (128.5630444 35.94210797),0.9910089770536785,0.9886577168219899,0.9999910295200796
새볕실버빌,노인요양시설,대구광역시 북구 영송로 36-6 (태전동),35.92832558,128.5458029,053-314-0800,053-314-0810,2010-12-28,법인,2025-01-24,,,,,,,,,0.012471177774351956,0.012723468605655397,0.0024780507051925327,0.010994517692360095,0.99033319630561,POINT (128.5458029 35.92832558),0.9875288222256481,0.9872765313943446,0.9975219492948074
대구케어요양원,노인요양시설,"대구광역시 북구 침산남로 96 (침산동, 7,8층)",35.88896317,128.5862485,053-341-3526,053-341-3527,2018-09-01,개인,2025-01-24,,,,,,,,,0.010479139822910245,0.018435554380167085,7.513942086384271e-06,0.010601024942028137,0.9901191917282021,POINT (128.5862485 35.88896317),0.9895208601770897,0.9815644456198329,0.9999924860579136
플러스마실요양원,노인요양시설,대구광역시 북구 학정로42길 26-24 (구암동),35.92504058,128.5584463,053-242-4939,052-242-2331,2021-07-30,개인,2025-01-24,,,,,,,,,0.014481834673742859,0.020177550556925904,0.005641888562193556,0.0,0.9899246815517844,POINT (128.5584463 35.92504058),0.9855181653262571,0.9798224494430741,0.9943581114378064
복음실버타운,노인요양시설,대구광역시 북구 칠곡중앙대로77길 14 (태전동),35.93087223,128.546696,053-323-9343,053-323-9313,2008-06-10,법인,2025-01-24,,,,,,,,,0.009752717531995195,0.017980771118441707,0.0023276394996472375,0.011300809820618679,0.9896595155073243,POINT (128.546696 35.93087223),0.9902472824680048,0.9820192288815583,0.9976723605003528
천유원실버타운,노인요양시설,대구광역시 북구 칠성남로36길 6 (칠성동2가),35.87648128,128.5987259,053-718-1500,053-718-1515,2017-07-20,개인,2025-01-24,,,,,,,,,0.004182206355756531,0.0,0.0018083221550850787,0.03646674848889195,0.9893856807500666,POINT (128.5987259 35.87648128),0.9958177936442435,1.0,0.9981916778449149
대경장기요양기관,노인요양시설,대구광역시 북구 칠곡중앙대로 508 (읍내동),35.94077803,128.5505549,053-325-5979,053-325-5974,2009-07-31,법인,2025-01-24,,,,,,,,,0.007661349934971404,0.01704171787284464,0.0004883721418078365,0.018394676825827266,0.9891034708061373,POINT (128.5505549 35.94077803),0.9923386500650286,0.9829582821271554,0.9995116278581921
늘봄요양원,노인요양시설,대구광역시 북구 옥산로17길 47-1 (침산동),35.888614,128.5857696,053-353-1188,053-353-1189,2022-04-01,개인,2025-01-24,,,,,,,,,0.014773916210636291,0.0166749767457207,0.0011494153108319548,0.010988531709424626,0.9891032900058466,POINT (128.5857696 35.888614),0.9852260837893637,0.9833250232542793,0.9988505846891681
굿모닝효요양원,노인요양시설,대구광역시 북구 침산남로13길 30 (침산동),35.89059713,128.580202,053-351-0775,053-637-7530,2022-12-01,개인,2025-01-24,,,,,,,,,0.014603345569598556,0.015988573028988637,0.004128827693973069,0.008929569492545253,0.9890874210537236,POINT (128.580202 35.89059713),0.9853966544304015,0.9840114269710114,0.995871172306027
효심노인요양센터,노인요양공동생활가정,대구광역시 북구 공평로 158 (칠성동1가),35.87807949,128.6017503,053-353-9592,053-356-1220,2010-12-02,개인,2025-01-24,,,,,,,,,0.0,0.00594777120079271,0.002886996615233713,0.035679001403951555,0.9888715576950055,POINT (128.6017503 35.87807949),1.0,0.9940522287992073,0.9971130033847663
e-편한요양센터,노인요양시설,대구광역시 북구 칠곡중앙대로 426 (읍내동),35.93365613,128.5489206,053-741-8899,053-313-3334,2011-08-12,개인,2025-01-24,,,,,,,,,0.019144699998217028,0.014426204909754487,1.0162083005136383e-05,0.010978697782603103,0.9888600588066051,POINT (128.5489206 35.93365613),0.980855300001783,0.9855737950902456,0.9999898379169949
강북실버타운,노인요양시설,대구광역시 북구 칠곡중앙대로 525 (읍내동),35.94254536,128.5503899,053-322-8801,053-326-8801,2014-12-23,개인,2025-01-24,,,,,,,,,0.004260122189156281,0.01948827250105834,0.0011069340643797825,0.021540080342330237,0.9884011477257688,POINT (128.5503899 35.94254536),0.9957398778108437,0.9805117274989417,0.9988930659356202
,,대구광역시 북구 성북로 49 (침산동),35.89188,128.5889,053-353-9633,053-353-9634,,,2025-01-26,북구노인복지관,1998-03-11,사)전석복지재단,강당+노래방+탁구장+컴퓨터실+서예실+게이트볼장+식당,평생교육+건강증진+정서생활지원+독거노인자립지원+사회참여지원+소득지원 등,www.bknobok.or.kr,대구광역시 북구청,복지정책과,0.007562880586253186,0.030926266622953003,4.626385293252897e-06,0.008070802136762367,0.9883588560671845,POINT (128.5889 35.89188),0.9924371194137468,0.9690737333770469,0.9999953736147067
행복한백세요양원,노인요양시설,대구광역시 북구 호암로 30 (칠성동2가),35.88236389,128.5938971,053-353-0688,053-355-0689,2012-08-06,개인,2025-01-24,,,,,,,,,0.007945256924363535,0.01936634137794821,8.276161103841995e-05,0.022563279115308393,0.9875105902428354,POINT (128.5938971 35.88236389),0.9920547430756365,0.9806336586220518,0.9999172383889616
가가호호노인복지센터,노인요양공동생활가정,대구광역시 북구 관음중앙로 167 (읍내동),35.94513149,128.5505298,053-561-2100,053-326-0234,2017-10-01,개인,2025-01-24,,,,,,,,,0.005190114107884603,0.018838691370110204,3.5398855216156617e-06,0.026359799375877402,0.9874019638151516,POINT (128.5505298 35.94513149),0.9948098858921154,0.9811613086298898,0.9999964601144784
,,대구광역시 북구 동암로 180 (구암동),35.94289,128.57034,053-326-3394,053-665-4299,,,2025-01-26,함지노인복지관,2011-04-27,사)효성복지재단,강당+당구장+탁구장+노래방+서예실+컴퓨터실+바둑장기교실+식당,평생교육+건강증진+고용지원+정서생활지원+자립지원+사회참여지원 등,www.withhamji.or.kr,대구광역시 북구청,복지정책과,0.0008192658624951838,0.030350221061551212,0.004759106792646107,0.01763986480693927,0.986607885369092,POINT (128.57034 35.94289),0.9991807341375049,0.9696497789384488,0.9952408932073539
성림효사랑실버타운,노인요양시설,대구광역시 북구 신천동로 740 (대현동),35.88562849,128.6025607,053-958-8884,053-957-8884,2013-08-05,개인,2025-01-24,,,,,,,,,0.002259625586384138,0.029070992925085762,0.0021171878940043584,0.023957243753494145,0.9856487374602579,POINT (128.6025607 35.88562849),0.9977403744136158,0.9709290070749143,0.9978828121059956
성북공동생활가정,노인요양공동생활가정,대구광역시 북구 연암로 88-7 (산격동),35.89281354,128.5950387,053-262-5690,053-262-5691,2020-06-01,개인,2025-01-24,,,,,,,,,0.0026478739821175347,0.045198208799375555,0.0022971853976472396,0.009926766072498816,0.9849824914370902,POINT (128.5950387 35.89281354),0.9973521260178825,0.9548017912006245,0.9977028146023528
신한솔요양원2,노인요양공동생활가정,"대구광역시 북구 호암로 4, 4층 (칠성동2가)",35.88300089,128.590845,053-341-8034,053-341-8036,2019-04-01,개인,2025-01-24,,,,,,,,,0.014509689407365346,0.022867808046950093,0.0026047863172074448,0.020182160482469624,0.9849588889365019,POINT (128.590845 35.88300089),0.9854903105926347,0.9771321919530499,0.9973952136827926
신한솔요양원,노인요양공동생활가정,"대구광역시 북구 호암로 4, 5층 (칠성동2가)",35.88300089,128.590845,053-341-8033,0504-243-4139,2024-12-01,개인,2025-01-24,,,,,,,,,0.014509689407365346,0.022867808046950093,0.0026047863172074448,0.020182160482469624,0.9849588889365019,POINT (128.590845 35.88300089),0.9854903105926347,0.9771321919530499,0.9973952136827926
사랑요양복지센터,노인요양공동생활가정,"대구광역시 북구 침산남로 176, 4층 (침산동)",35.88737126,128.5946988,053-351-0361,053-352-0362,2021-12-01,개인,2025-01-24,,,,,,,,,0.009550272991761675,0.035232366620249415,5.880350660682393e-06,0.015537275108804732,0.9849185512321309,POINT (128.5946988 35.88737126),0.9904497270082383,0.9647676333797506,0.9999941196493393
,,대구광역시 북구 칠곡중앙대로91길 21 (관음동),35.93624,128.54671,053-313-6644,053-313-6645,,,2025-01-26,강북노인복지관,2000-12-01,사)상록수재단,강당+당구장+탁구장+노래방+서예실+컴퓨터실+식당,평생교육+건강증진+급식지원+독거노인지원+이미용서비스 등,www.kbsilver.or.kr,대구광역시 북구청,복지정책과,0.01658837051618814,0.024109429972271695,0.004169974973869466,0.01580299756449982,0.9848323067432927,POINT (128.54671 35.93624),0.9834116294838119,0.9758905700277283,0.9958300250261305
강산노인요양센터,노인요양공동생활가정,대구광역시 북구 대현로 69-1 (대현동),35.88375709,128.6072536,053-944-6301,053-944-6302,2013-11-08,개인,2025-01-24,,,,,,,,,0.0024049088395825756,0.023693625926550707,0.0030372252196944126,0.03161901746300683,0.9848113056377914,POINT (128.6072536 35.88375709),0.9975950911604174,0.9763063740734493,0.9969627747803056
호산실버타운,노인요양시설,대구광역시 북구 관음동로9길 22 (관음동),35.93759596,128.5447363,053-322-0100,053-322-0188,2013-05-15,개인,2025-01-24,,,,,,,,,0.009786731840930533,0.02965936433574899,0.0016454757670630277,0.019970916918611498,0.9847343777844115,POINT (128.5447363 35.93759596),0.9902132681590695,0.970340635664251,0.998354524232937
언제나봄요양원,노인요양시설,대구광역시 북구 태전로13길 10-33 (태전동),35.92559654,128.5408357,053-323-2127,053-313-4578,2022-12-01,개인,2025-01-24,,,,,,,,,0.01689471093904195,0.023241259875286788,0.007803629693511326,0.016582032117327006,0.9838695918437083,POINT (128.5408357 35.92559654),0.9831052890609581,0.9767587401247132,0.9921963703064887
부모사랑요양원,노인요양공동생활가정,대구광역시 북구 칠곡중앙대로91길 28 (관음동),35.93676168,128.54585,053-326-6349,053-326-6009,2011-02-07,개인,2025-01-24,,,,,,,,,0.02146712580477389,0.0266418562243209,0.004801222690076127,0.01745507564475332,0.9824086799090189,POINT (128.54585 35.93676168),0.9785328741952262,0.9733581437756791,0.9951987773099239
희연실버타운,노인요양시설,대구광역시 북구 산격로 17 (산격동),35.89215097,128.6049585,053-359-0001,053-358-0005,2020-03-01,개인,2025-01-24,,,,,,,,,0.0006011693655623468,0.05127324747286624,0.0013708162448173515,0.01900492166769907,0.9819374613122638,POINT (128.6049585 35.89215097),0.9993988306344377,0.9487267525271338,0.9986291837551826
신세계실버타운,노인요양시설,대구광역시 북구 주좌길 26-17 (학정동),35.95013688,128.5691428,053-312-1003,053-312-1012,2019-01-25,개인,2025-01-24,,,,,,,,,0.012509438735812695,0.02497808864214869,0.006284092576119708,0.03132783502036324,0.981225136256389,POINT (128.5691428 35.95013688),0.9874905612641873,0.9750219113578513,0.9937159074238803
봄꽃요양원,노인요양시설,대구광역시 북구 연암로22길 16 (산격동),35.89356215,128.5960095,053-951-1001,053-951-1008,2023-02-20,개인,2025-01-24,,,,,,,,,0.014042198644848073,0.04893210167854552,0.003455427190604845,0.009951806871451085,0.9809046164036376,POINT (128.5960095 35.89356215),0.9859578013551519,0.9510678983214544,0.9965445728093951
(주)가호노인복지센터,노인요양공동생활가정,"대구광역시 북구 동북로 263, 6층 (복현동)",35.89436535,128.6196303,053-219-4470,053-952-4470,2019-12-06,법인,2025-01-24,,,,,,,,,0.004060785183501043,0.04562308200139962,0.0003429516857237784,0.036123287914172464,0.9784624733038008,POINT (128.6196303 35.89436535),0.9959392148164989,0.9543769179986004,0.9996570483142763
주식회사 새소망노인복지센터,노인요양공동생활가정,"대구광역시 북구 동북로 263, 5층 (복현동)",35.89436535,128.6196303,053-941-4470,053-944-4470,2019-12-06,법인,2025-01-24,,,,,,,,,0.004060785183501043,0.04562308200139962,0.0003429516857237784,0.036123287914172464,0.9784624733038008,POINT (128.6196303 35.89436535),0.9959392148164989,0.9543769179986004,0.9996570483142763
나비복현요양센터,노인요양공동생활가정,"대구광역시 북구 복현로 71, 112(상가)동 4층 404호 (복현동, 복현블루밍브라운스톤 명문세가아파트)",35.89849,128.6224,053-943-8785,053-943-8789,2020-01-01,개인,2025-01-24,,,,,,,,,0.011119326730403858,0.05210938189677193,0.00010223487925375909,0.03796464691553783,0.9746761023945082,POINT (128.6224 35.89849),0.9888806732695962,0.947890618103228,0.9998977651207462
,,대구광역시 북구 검단로 8-14 (복현동),35.89869,128.61689,053-381-8310,053-381-8316,,,2025-01-26,대불노인복지관,2003-09-26,사)가정복지회,다목적실+탁구장+노래방+서예실+당구장+컴퓨터실+물리치료실+식당,평생교육+건강증진+정서생활지원+독거노인자립지원+사회참여지원+소득지원 등,www.dbsenior.or.kr,대구광역시 북구청,복지정책과,0.009656531926293637,0.06168959979611121,0.0010541356182111798,0.029325570930215955,0.974568540432292,POINT (128.61689 35.89869),0.9903434680737063,0.9383104002038888,0.9989458643817888
연세숲속요양원,노인요양시설,대구광역시 북구 장태실길 13 (팔달동),35.89627423,128.5359228,053-716-7888,053-716-7889,2018-04-02,개인,2025-01-24,,,,,,,,,0.011184790416838267,0.02863626653196248,0.0286368945513355,0.03647393828943843,0.9737670275526064,POINT (128.5359228 35.89627423),0.9888152095831617,0.9713637334680375,0.9713631054486644
장원요양원2,노인요양시설,"대구광역시 북구 복현로20길 12-10, 2,3층(복현동)",35.90037132,128.622491,053-982-4470,053-381-0691,2020-04-23,개인,2025-01-24,,,,,,,,,0.01658735641239649,0.05770788619053655,0.002370492934843625,0.03731714414430207,0.9715042800794803,POINT (128.622491 35.90037132),0.9834126435876035,0.9422921138094634,0.9976295070651564
장원요양원,노인요양시설,"대구광역시 북구 복현로20길 12-10, 1층 (복현동)",35.90037132,128.622491,053-982-4470,053-381-0691,2020-04-23,개인,2025-01-24,,,,,,,,,0.01658735641239649,0.05770788619053655,0.002370492934843625,0.03731714414430207,0.9715042800794803,POINT (128.622491 35.90037132),0.9834126435876035,0.9422921138094634,0.9976295070651564
하나복지센터,노인요양공동생활가정,"대구광역시 북구 호국로 223, 2층 (서변동)",35.921753,128.5990234,053-325-6311,053-325-6399,2017-06-01,개인,2025-01-24,,,,,,,,,0.0009411099379640292,0.12562816177307057,0.00038102015603572084,0.009293954716388941,0.9659389383541351,POINT (128.5990234 35.921753),0.999058890062036,0.8743718382269294,0.9996189798439643
엘림실버요양원,노인요양공동생활가정,대구광역시 북구 호국로 229 (서변동),35.9223568,128.599039,053-942-1119,053-944-1117,2011-12-20,개인,2025-01-24,,,,,,,,,0.000931994953272616,0.1251232589409853,0.0011681429716418853,0.009717392727494667,0.9657648026016514,POINT (128.599039 35.9223568),0.9990680050467274,0.8748767410590147,0.9988318570283581
새봄더케어실버타운,노인요양공동생활가정,"대구광역시 북구 호국로 215, 403호 (서변동, 대성골든프라자2차)",35.92086173,128.5988172,053-952-5535,053-951-1230,2020-06-01,개인,2025-01-24,,,,,,,,,0.006777744438883007,0.12594207520889458,4.951024930079333e-06,0.00861027157640859,0.9646662394377209,POINT (128.5988172 35.92086173),0.993222255561117,0.8740579247911054,0.99999504897507
서변실버요양원,노인요양공동생활가정,"대구광역시 북구 호국로 207, 6층 (서변동)",35.92031111,128.5989792,053-951-8898,053-951-8897,2016-06-01,개인,2025-01-24,,,,,,,,,0.008944722431311137,0.12694261513538074,0.0003894011760762172,0.00851956922639277,0.9638009230077098,POINT (128.5989792 35.92031111),0.9910552775686888,0.8730573848646193,0.9996105988239238
효신노인복지센터,노인요양공동생활가정,"대구광역시 북구 호국로51길 5, 3층 (서변동)",35.92433265,128.598644,053-939-4567,053-939-4568,2014-10-01,개인,2025-01-24,,,,,,,,,0.010358712776579715,0.12247758998299411,0.004402547441227089,0.010994296928043878,0.9629417132177888,POINT (128.598644 35.92433265),0.9896412872234203,0.8775224100170059,0.995597452558773
대구요양원,노인요양공동생활가정,"대구광역시 북구 호국로51길 5-7, 2층 (서변동)",35.92418839,128.598654,053-939-4567,053-939-4568,2014-10-01,개인,2025-01-24,,,,,,,,,0.011863850151594264,0.12260836786476546,0.004490866072346188,0.010866068467248913,0.9625427118610113,POINT (128.598654 35.92418839),0.9881361498484057,0.8773916321352345,0.9955091339276538
동서변실버타운,노인요양시설,대구광역시 북구 동변로20길 26 (동변동),35.92253,128.6016,053-954-0301,053-954-0302,2023-04-01,법인,2025-01-24,,,,,,,,,0.012218341082867536,0.1319069179818142,0.005003441855855083,0.012642698886458997,0.959557150048251,POINT (128.6016 35.92253),0.9877816589171324,0.8680930820181858,0.9949965581441449
효성실버타운,노인요양시설,대구광역시 북구 도남길 92-52 (도남동),35.96049647,128.5852369,053-327-0003,053-327-0224,2009-08-12,법인,2025-01-24,,,,,,,,,0.012581785318549928,0.06787552906310892,0.02177459364379635,0.06018086596146083,0.959396806503271,POINT (128.5852369 35.96049647),0.9874182146814501,0.9321244709368911,0.9782254063562037
한아름노인복지센터,노인요양공동생활가정,대구광역시 북구 검단로49길 21-14 (검단동),35.9149755,128.6271262,053-384-4874,053-382-4874,2021-09-01,개인,2025-01-24,,,,,,,,,0.016209685341867303,0.09881573826991805,0.0040840115548529,0.046722243216872045,0.9585420804041225,POINT (128.6271262 35.9149755),0.9837903146581327,0.9011842617300819,0.9959159884451471
파티마홈,노인요양시설,대구광역시 북구 내곡로 123 (사수동),35.90098213,128.5167786,053-324-1188,053-324-1185,2015-04-28,법인,2025-01-24,,,,,,,,,0.02109001662222032,0.0782798570513337,0.013125889171762996,0.062078555531503266,0.9563564204057949,POINT (128.5167786 35.90098213),0.9789099833777797,0.9217201429486663,0.986874110828237
사랑모아실버타운,노인요양시설,"대구광역시 북구 도남중앙로9길 1, 3~4층 (국우동)",35.98291,128.58338,053-324-9988,053-325-8055,2019-04-01,개인,2025-01-24,,,,,,,,,0.15148507316889892,0.10367037934352566,0.0710417306802415,0.1152467965817568,0.8896390050563943,POINT (128.58338 35.98291),0.8485149268311011,0.8963296206564744,0.9289582693197584
실로암요양원,노인요양시설,대구광역시 북구 환성정길 31-16 (서변동),35.5526,128.3534,053-953-8889,053-243-7889,2023-11-01,법인,2025-01-24,,,,,,,,,0.770431895981916,0.9256405432948684,0.9444631248224065,0.9421702182849674,0.10432355440396046,POINT (128.3534 35.5526),0.22956810401808403,0.07435945670513155,0.05553687517759354
해뜨는요양원2,노인요양공동생활가정,대구광역시 북구 공항로 10-7 (복현동),35.5349,128.37,053-958-5400,053-939-2628,2014-12-31,개인,2025-01-24,,,,,,,,,0.9016925943713241,0.9646761743178676,0.9758708071699634,0.968732557791149,0.047256966587423954,POINT (128.37 35.5349),0.0983074056286759,0.03532382568213244,0.02412919283003656
해뜨는요양원1,노인요양공동생활가정,대구광역시 북구 공항로 10-7 (복현동),35.5349,128.37,053-958-5400,053-939-2628,2014-12-31,개인,2025-01-24,,,,,,,,,0.9016925943713241,0.9646761743178676,0.9758708071699634,0.968732557791149,0.047256966587423954,POINT (128.37 35.5349),0.0983074056286759,0.03532382568213244,0.02412919283003656
